Mês;Ano;Instalação Portuária;Nome do Berço;Terminal;Mercadoria-Capítulo (SH2);Quantidade de Conteiner (u);Quantidade TEU;Somatório Peso Bruto Conteiner (t);Somatório Carga Geral Solta (t);Somatório Granel Sólido (t);Somatório Granel Líquido (t);Somatório de Carga Bruta (t)
2;2018;Suape;Pier de Granéis Líquidos 1 - Berço Leste;Píer de Graneis Líquidos 1;Bebidas, líquidos alcoólicos e vinagres;0;0;0;0;0;9.471,00;9.471,00
2;2018;Suape;Pier de Granéis Líquidos 1 - Berço Leste;Píer de Graneis Líquidos 1;"Combustíveis minerais, óleos minerais e produtos da sua destilação; matérias betuminosas; ceras minerais";0;0;0;0;0;74.101,00;74.101,00
2;2018;Suape;Pier de Granéis Líquidos 1 - Berço Leste;Píer de Graneis Líquidos 1;Produtos químicos orgânicos;0;0;0;0;0;25.243,00;25.243,00
2;2018;Suape;Pier de Granéis Líquidos 1 - Berço Oeste;Píer de Graneis Líquidos 1;Bebidas, líquidos alcoólicos e vinagres;0;0;0;0;0;30.073,00;30.073,00
2;2018;Suape;Pier de Granéis Líquidos 1 - Berço Oeste;Píer de Graneis Líquidos 1;"Combustíveis minerais, óleos minerais e produtos da sua destilação; matérias betuminosas; ceras minerais";0;0;0;0;0;71.663,00;71.663,00
2;2018;Suape;Pier de Granéis Líquidos 1 - Berço Oeste;Píer de Graneis Líquidos 1;Produtos químicos orgânicos;0;0;0;0;0;8.853,00;8.853,00
2;2018;Suape;Pier de Granéis Líquidos 2 - Berço Leste;Píer de Graneis Líquidos 2;"Combustíveis minerais, óleos minerais e produtos da sua destilação; matérias betuminosas; ceras minerais";0;0;0;0;0;119.109,00;119.109,00
2;2018;Suape;Pier de Granéis Líquidos 2 - Berço Oeste;Píer de Graneis Líquidos 2;"Combustíveis minerais, óleos minerais e produtos da sua destilação; matérias betuminosas; ceras minerais";0;0;0;0;0;312.148,00;312.148,00
2;2018;Suape;Pier de Granéis Líquidos 3 - A;Píer de Graneis Líquidos 3A;"Combustíveis minerais, óleos minerais e produtos da sua destilação; matérias betuminosas; ceras minerais";0;0;0;0;0;478.978,00;478.978,00
2;2018;Suape;Pier de Granéis Líquidos 3 - B;Píer de Graneis Líquidos 3B;"Combustíveis minerais, óleos minerais e produtos da sua destilação; matérias betuminosas; ceras minerais";0;0;0;0;0;210.690,00;210.690,00
2;2018;Suape;Porto Interno - Berço 01;Cais 1;Contêineres;987;1.766,00;14.560,00;0;0;0;14.560,00
2;2018;Suape;Porto Interno - Berço 02 - TECON;Tecon Suape;Contêineres;17.374,00;28.255,00;308.443,00;0;0;0;308.443,00
2;2018;Suape;Porto Interno - Berço 03 - TECON;Tecon Suape;Contêineres;1.763,00;3.001,00;26.843,00;0;0;0;26.843,00
2;2018;Suape;Porto Interno - Berço 04;Cais 4;Cereais;0;0;0;0;27.214,00;0;27.214,00
2;2018;Suape;Porto Interno - Berço 04;Cais 4;Obras de ferro fundido, ferro ou aço;0;0;0;2.906,00;0;0;2.906,00
2;2018;Suape;Porto Interno - Berço 04;Cais 4;Reatores nucleares, caldeiras, máquinas, aparelhos e instrumentos mecânicos, e suas partes;0;0;0;73;0;0;73
2;2018;Suape;Porto Interno - Berço 04;Cais 4;Veículos automóveis, tratores, ciclos e outros veículos terrestres, suas partes e acessórios;0;0;0;3.147,00;0;0;3.147,00
2;2018;Suape;Porto Interno - Berço 05;Cais 5;Minerios, escórias e cinzas;0;0;0;0;56.231,00;0;56.231,00
2;2018;Suape;Porto Interno - Berço 05;Cais 5;Veículos automóveis, tratores, ciclos e outros veículos terrestres, suas partes e acessórios;0;0;0;7.586,00;0;0;7.586,00
3;2018;Suape;Cais de Múltiplos Usos - Berço - Leste;Cais de Múltiplos Usos - CMU;"Combustíveis minerais, óleos minerais e produtos da sua destilação; matérias betuminosas; ceras minerais";0;0;0;0;0;50.151,00;50.151,00
3;2018;Suape;Cais de Múltiplos Usos - Berço - Leste;Cais de Múltiplos Usos - CMU;"Gorduras e óleos animais ou vegetais; produtos da sua dissociação; gorduras alimentares elaboradas; ceras de origem animal ou vegetal";0;0;0;0;0;7.000,00;7.000,00
3;2018;Suape;Pier de Granéis Líquidos 1 - Berço Leste;Píer de Graneis Líquidos 1;Bebidas, líquidos alcoólicos e vinagres;0;0;0;0;0;49.938,00;49.938,00
3;2018;Suape;Pier de Granéis Líquidos 1 - Berço Leste;Píer de Graneis Líquidos 1;"Combustíveis minerais, óleos minerais e produtos da sua destilação; matérias betuminosas; ceras minerais";0;0;0;0;0;60.292,00;60.292,00
3;2018;Suape;Pier de Granéis Líquidos 1 - Berço Leste;Píer de Graneis Líquidos 1;Produtos químicos orgânicos;0;0;0;0;0;10.008,00;10.008,00
3;2018;Suape;Pier de Granéis Líquidos 1 - Berço Oeste;Píer de Graneis Líquidos 1;Bebidas, líquidos alcoólicos e vinagres;0;0;0;0;0;10.004,00;10.004,00
3;2018;Suape;Pier de Granéis Líquidos 1 - Berço Oeste;Píer de Graneis Líquidos 1;"Combustíveis minerais, óleos minerais e produtos da sua destilação; matérias betuminosas; ceras minerais";0;0;0;0;0;73.220,00;73.220,00
3;2018;Suape;Pier de Granéis Líquidos 1 - Berço Oeste;Píer de Graneis Líquidos 1;Produtos químicos orgânicos;0;0;0;0;0;24.903,00;24.903,00
3;2018;Suape;Pier de Granéis Líquidos 2 - Berço Leste;Píer de Graneis Líquidos 2;"Combustíveis minerais, óleos minerais e produtos da sua destilação; matérias betuminosas; ceras minerais";0;0;0;0;0;265.931,00;265.931,00
3;2018;Suape;Pier de Granéis Líquidos 2 - Berço Oeste;Píer de Graneis Líquidos 2;"Combustíveis minerais, óleos minerais e produtos da sua destilação; matérias betuminosas; ceras minerais";0;0;0;0;0;389.718,00;389.718,00
3;2018;Suape;Pier de Granéis Líquidos 3 - A;Píer de Graneis Líquidos 3A;"Combustíveis minerais, óleos minerais e produtos da sua destilação; matérias betuminosas; ceras minerais";0;0;0;0;0;455.013,00;455.013,00
3;2018;Suape;Pier de Granéis Líquidos 3 - B;Píer de Graneis Líquidos 3B;"Combustíveis minerais, óleos minerais e produtos da sua destilação; matérias betuminosas; ceras minerais";0;0;0;0;0;234.481,00;234.481,00
3;2018;Suape;Porto Interno - Berço 01;Cais 1;Contêineres;1.810,00;2.966,00;28.209,00;0;0;0;28.209,00
3;2018;Suape;Porto Interno - Berço 01;Cais 1;"Máquinas, aparelhos e materiais elétricos, e suas partes; aparelhos de gravação ou de reprodução de som, aparelhos de gravação ou de reprodução de imagens e de som em televisão, e suas partes e acessórios";0;0;0;5.086,00;0;0;5.086,00
3;2018;Suape;Porto Interno - Berço 02 - TECON;Tecon Suape;Contêineres;13.326,00;22.269,00;227.778,00;0;0;0;227.778,00
3;2018;Suape;Porto Interno - Berço 03 - TECON;Tecon Suape;Contêineres;7.165,00;11.655,00;136.213,00;0;0;0;136.213,00
3;2018;Suape;Porto Interno - Berço 04;Cais 4;Cereais;0;0;0;0;27.500,00;0;27.500,00
3;2018;Suape;Porto Interno - Berço 04;Cais 4;Obras de ferro fundido, ferro ou aço;0;0;0;16.362,00;0;0;16.362,00
3;2018;Suape;Porto Interno - Berço 04;Cais 4;Reatores nucleares, caldeiras, máquinas, aparelhos e instrumentos mecânicos, e suas partes;0;0;0;187;0;0;187
3;2018;Suape;Porto Interno - Berço 04;Cais 4;Veículos automóveis, tratores, ciclos e outros veículos terrestres, suas partes e acessórios;0;0;0;2.811,00;0;0;2.811,00
3;2018;Suape;Porto Interno - Berço 05;Cais 5;Veículos automóveis, tratores, ciclos e outros veículos terrestres, suas partes e acessórios;0;0;0;5.748,00;0;0;5.748,00
4;2018;Suape;Cais de Múltiplos Usos - Berço - Leste;Cais de Múltiplos Usos - CMU;"Combustíveis minerais, óleos minerais e produtos da sua destilação; matérias betuminosas; ceras minerais";0;0;0;0;0;28.787,00;28.787,00
4;2018;Suape;Pier de Granéis Líquidos 1 - Berço Leste;Píer de Graneis Líquidos 1;Bebidas, líquidos alcoólicos e vinagres;0;0;0;0;0;34.176,00;34.176,00
4;2018;Suape;Pier de Granéis Líquidos 1 - Berço Leste;Píer de Graneis Líquidos 1;"Combustíveis minerais, óleos minerais e produtos da sua destilação; matérias betuminosas; ceras minerais";0;0;0;0;0;52.055,00;52.055,00
4;2018;Suape;Pier de Granéis Líquidos 1 - Berço Leste;Píer de Graneis Líquidos 1;Produtos químicos orgânicos;0;0;0;0;0;21.932,00;21.932,00
4;2018;Suape;Pier de Granéis Líquidos 1 - Berço Oeste;Píer de Graneis Líquidos 1;Bebidas, líquidos alcoólicos e vinagres;0;0;0;0;0;49.337,00;49.337,00
4;2018;Suape;Pier de Granéis Líquidos 1 - Berço Oeste;Píer de Graneis Líquidos 1;"Combustíveis minerais, óleos minerais e produtos da sua destilação; matérias betuminosas; ceras minerais";0;0;0;0;0;19.267,00;19.267,00
4;2018;Suape;Pier de Granéis Líquidos 1 - Berço Oeste;Píer de Graneis Líquidos 1;Produtos químicos orgânicos;0;0;0;0;0;32.130,00;32.130,00
4;2018;Suape;Pier de Granéis Líquidos 2 - Berço Leste;Píer de Graneis Líquidos 2;"Combustíveis minerais, óleos minerais e produtos da sua destilação; matérias betuminosas; ceras minerais";0;0;0;0;0;255.421,00;255.421,00
4;2018;Suape;Pier de Granéis Líquidos 2 - Berço Oeste;Píer de Graneis Líquidos 2;"Combustíveis minerais, óleos minerais e produtos da sua destilação; matérias betuminosas; ceras minerais";0;0;0;0;0;288.069,00;288.069,00
4;2018;Suape;Pier de Granéis Líquidos 3 - A;Píer de Graneis Líquidos 3A;"Combustíveis minerais, óleos minerais e produtos da sua destilação; matérias betuminosas; ceras minerais";0;0;0;0;0;489.982,00;489.982,00
4;2018;Suape;Pier de Granéis Líquidos 3 - B;Píer de Graneis Líquidos 3B;"Combustíveis minerais, óleos minerais e produtos da sua destilação; matérias betuminosas; ceras minerais";0;0;0;0;0;281.575,30;281.575,30
4;2018;Suape;Porto Interno - Berço 01;Cais 1;Contêineres;479;818;6.789,00;0;0;0;6.789,00
4;2018;Suape;Porto Interno - Berço 02 - TECON;Tecon Suape;Contêineres;14.376,00;23.783,00;249.943,00;0;0;0;249.943,00
4;2018;Suape;Porto Interno - Berço 03 - TECON;Tecon Suape;Contêineres;5.519,00;9.638,00;107.887,00;0;0;0;107.887,00
4;2018;Suape;Porto Interno - Berço 04;Cais 4;Cereais;0;0;0;0;44.000,00;0;44.000,00
4;2018;Suape;Porto Interno - Berço 04;Cais 4;Reatores nucleares, caldeiras, máquinas, aparelhos e instrumentos mecânicos, e suas partes;0;0;0;109;0;0;109
4;2018;Suape;Porto Interno - Berço 04;Cais 4;Veículos automóveis, tratores, ciclos e outros veículos terrestres, suas partes e acessórios;0;0;0;3.583,00;0;0;3.583,00
4;2018;Suape;Porto Interno - Berço 05;Cais 5;Obras de ferro fundido, ferro ou aço;0;0;0;203;0;0;203
4;2018;Suape;Porto Interno - Berço 05;Cais 5;Veículos automóveis, tratores, ciclos e outros veículos terrestres, suas partes e acessórios;0;0;0;2.955,00;0;0;2.955,00
5;2018;Suape;Cais de Múltiplos Usos - Berço - Leste;Cais de Múltiplos Usos - CMU;"Combustíveis minerais, óleos minerais e produtos da sua destilação; matérias betuminosas; ceras minerais";0;0;0;0;0;6.339,00;6.339,00
5;2018;Suape;Pier de Granéis Líquidos 1 - Berço Leste;Píer de Graneis Líquidos 1;Bebidas, líquidos alcoólicos e vinagres;0;0;0;0;0;34.118,00;34.118,00
5;2018;Suape;Pier de Granéis Líquidos 1 - Berço Leste;Píer de Graneis Líquidos 1;"Combustíveis minerais, óleos minerais e produtos da sua destilação; matérias betuminosas; ceras minerais";0;0;0;0;0;65.475,00;65.475,00
5;2018;Suape;Pier de Granéis Líquidos 1 - Berço Leste;Píer de Graneis Líquidos 1;Produtos químicos orgânicos;0;0;0;0;0;11.941,00;11.941,00
5;2018;Suape;Pier de Granéis Líquidos 1 - Berço Oeste;Píer de Graneis Líquidos 1;Bebidas, líquidos alcoólicos e vinagres;0;0;0;0;0;44.057,00;44.057,00
5;2018;Suape;Pier de Granéis Líquidos 1 - Berço Oeste;Píer de Graneis Líquidos 1;"Combustíveis minerais, óleos minerais e produtos da sua destilação; matérias betuminosas; ceras minerais";0;0;0;0;0;13.416,00;13.416,00
5;2018;Suape;Pier de Granéis Líquidos 1 - Berço Oeste;Píer de Graneis Líquidos 1;Produtos químicos orgânicos;0;0;0;0;0;21.497,00;21.497,00
5;2018;Suape;Pier de Granéis Líquidos 2 - Berço Leste;Píer de Graneis Líquidos 2;"Combustíveis minerais, óleos minerais e produtos da sua destilação; matérias betuminosas; ceras minerais";0;0;0;0;0;143.993,00;143.993,00
5;2018;Suape;Pier de Granéis Líquidos 2 - Berço Oeste;Píer de Graneis Líquidos 2;"Combustíveis minerais, óleos minerais e produtos da sua destilação; matérias betuminosas; ceras minerais";0;0;0;0;0;218.553,00;218.553,00
5;2018;Suape;Pier de Granéis Líquidos 3 - A;Píer de Graneis Líquidos 3A;"Combustíveis minerais, óleos minerais e produtos da sua destilação; matérias betuminosas; ceras minerais";0;0;0;0;0;466.375,00;466.375,00
5;2018;Suape;Pier de Granéis Líquidos 3 - B;Píer de Graneis Líquidos 3B;"Combustíveis minerais, óleos minerais e produtos da sua destilação; matérias betuminosas; ceras minerais";0;0;0;0;0;391.785,00;391.785,00
5;2018;Suape;Porto Interno - Berço 01;Cais 1;"Combustíveis minerais, óleos minerais e produtos da sua destilação; matérias betuminosas; ceras minerais";0;0;0;0;0;250;250
5;2018;Suape;Porto Interno - Berço 02 - TECON;Tecon Suape;Contêineres;13.614,00;23.026,00;219.508,00;0;0;0;219.508,00
5;2018;Suape;Porto Interno - Berço 03 - TECON;Tecon Suape;Contêineres;8.950,00;15.507,00;165.509,00;0;0;0;165.509,00
5;2018;Suape;Porto Interno - Berço 04;Cais 4;Cereais;0;0;0;0;26.250,00;0;26.250,00
5;2018;Suape;Porto Interno - Berço 04;Cais 4;Obras de ferro fundido, ferro ou aço;0;0;0;3.816,00;0;0;3.816,00
5;2018;Suape;Porto Interno - Berço 04;Cais 4;Veículos automóveis, tratores, ciclos e outros veículos terrestres, suas partes e acessórios;0;0;0;5.308,00;0;0;5.308,00
5;2018;Suape;Porto Interno - Berço 05;Cais 5;"Máquinas, aparelhos e materiais elétricos, e suas partes; aparelhos de gravação ou de reprodução de som, aparelhos de gravação ou de reprodução de imagens e de som em televisão, e suas partes e acessórios";0;0;0;266;0;0;266
5;2018;Suape;Porto Interno - Berço 05;Cais 5;Obras de ferro fundido, ferro ou aço;0;0;0;11.863,00;0;0;11.863,00
5;2018;Suape;Porto Interno - Berço 05;Cais 5;Reatores nucleares, caldeiras, máquinas, aparelhos e instrumentos mecânicos, e suas partes;0;0;0;48;0;0;48
5;2018;Suape;Porto Interno - Berço 05;Cais 5;Veículos automóveis, tratores, ciclos e outros veículos terrestres, suas partes e acessórios;0;0;0;3.258,00;0;0;3.258,00
6;2018;Suape;Pier de Granéis Líquidos 1 - Berço Leste;Píer de Graneis Líquidos 1;Bebidas, líquidos alcoólicos e vinagres;0;0;0;0;0;14.929,00;14.929,00
6;2018;Suape;Pier de Granéis Líquidos 1 - Berço Leste;Píer de Graneis Líquidos 1;"Combustíveis minerais, óleos minerais e produtos da sua destilação; matérias betuminosas; ceras minerais";0;0;0;0;0;9.491,00;9.491,00
6;2018;Suape;Pier de Granéis Líquidos 1 - Berço Leste;Píer de Graneis Líquidos 1;Produtos químicos orgânicos;0;0;0;0;0;21.492,00;21.492,00
6;2018;Suape;Pier de Granéis Líquidos 1 - Berço Oeste;Píer de Graneis Líquidos 1;Bebidas, líquidos alcoólicos e vinagres;0;0;0;0;0;11.962,00;11.962,00
6;2018;Suape;Pier de Granéis Líquidos 1 - Berço Oeste;Píer de Graneis Líquidos 1;"Combustíveis minerais, óleos minerais e produtos da sua destilação; matérias betuminosas; ceras minerais";0;0;0;0;0;44.079,00;44.079,00
6;2018;Suape;Pier de Granéis Líquidos 1 - Berço Oeste;Píer de Graneis Líquidos 1;Produtos químicos orgânicos;0;0;0;0;0;32.140,00;32.140,00
6;2018;Suape;Pier de Granéis Líquidos 2 - Berço Leste;Píer de Graneis Líquidos 2;"Combustíveis minerais, óleos minerais e produtos da sua destilação; matérias betuminosas; ceras minerais";0;0;0;0;0;205.817,00;205.817,00
6;2018;Suape;Pier de Granéis Líquidos 2 - Berço Oeste;Píer de Graneis Líquidos 2;"Combustíveis minerais, óleos minerais e produtos da sua destilação; matérias betuminosas; ceras minerais";0;0;0;0;0;392.447,00;392.447,00
6;2018;Suape;Pier de Granéis Líquidos 3 - A;Píer de Graneis Líquidos 3A;"Combustíveis minerais, óleos minerais e produtos da sua destilação; matérias betuminosas; ceras minerais";0;0;0;0;0;625.751,00;625.751,00
6;2018;Suape;Pier de Granéis Líquidos 3 - B;Píer de Graneis Líquidos 3B;"Combustíveis minerais, óleos minerais e produtos da sua destilação; matérias betuminosas; ceras minerais";0;0;0;0;0;251.280,00;251.280,00
6;2018;Suape;Porto Interno - Berço 01;Cais 1;"Combustíveis minerais, óleos minerais e produtos da sua destilação; matérias betuminosas; ceras minerais";0;0;0;12;0;0;12
6;2018;Suape;Porto Interno - Berço 01;Cais 1;Contêineres;409;703;4.949,00;0;0;0;4.949,00
6;2018;Suape;Porto Interno - Berço 02 - TECON;Tecon Suape;Contêineres;12.744,00;20.777,00;232.978,00;0;0;0;232.978,00
6;2018;Suape;Porto Interno - Berço 03 - TECON;Tecon Suape;Contêineres;8.600,00;14.783,00;188.981,00;0;0;0;188.981,00
6;2018;Suape;Porto Interno - Berço 04;Cais 4;Cereais;0;0;0;0;26.250,00;0;26.250,00
6;2018;Suape;Porto Interno - Berço 04;Cais 4;Obras de ferro fundido, ferro ou aço;0;0;0;18.023,00;0;0;18.023,00
6;2018;Suape;Porto Interno - Berço 04;Cais 4;Veículos automóveis, tratores, ciclos e outros veículos terrestres, suas partes e acessórios;0;0;0;8.844,00;0;0;8.844,00
6;2018;Suape;Porto Interno - Berço 05;Cais 5;Veículos automóveis, tratores, ciclos e outros veículos terrestres, suas partes e acessórios;0;0;0;2.112,00;0;0;2.112,00
1;2018;Suape;Cais de Múltiplos Usos - Berço - Leste;Cais de Múltiplos Usos - CMU;"Combustíveis minerais, óleos minerais e produtos da sua destilação; matérias betuminosas; ceras minerais";0;0;0;0;0;12.188,00;12.188,00
1;2018;Suape;Cais de Múltiplos Usos - Berço - Leste;Cais de Múltiplos Usos - CMU;"Gorduras e óleos animais ou vegetais; produtos da sua dissociação; gorduras alimentares elaboradas; ceras de origem animal ou vegetal";0;0;0;0;0;7.000,00;7.000,00
1;2018;Suape;Pier de Granéis Líquidos 1 - Berço Leste;Píer de Graneis Líquidos 1;Bebidas, líquidos alcoólicos e vinagres;0;0;0;0;0;13.374,00;13.374,00
1;2018;Suape;Pier de Granéis Líquidos 1 - Berço Leste;Píer de Graneis Líquidos 1;"Combustíveis minerais, óleos minerais e produtos da sua destilação; matérias betuminosas; ceras minerais";0;0;0;0;0;94.659,00;94.659,00
1;2018;Suape;Pier de Granéis Líquidos 1 - Berço Leste;Píer de Graneis Líquidos 1;Produtos químicos orgânicos;0;0;0;0;0;13.691,00;13.691,00
1;2018;Suape;Pier de Granéis Líquidos 1 - Berço Oeste;Píer de Graneis Líquidos 1;Bebidas, líquidos alcoólicos e vinagres;0;0;0;0;0;3.942,00;3.942,00
1;2018;Suape;Pier de Granéis Líquidos 1 - Berço Oeste;Píer de Graneis Líquidos 1;"Combustíveis minerais, óleos minerais e produtos da sua destilação; matérias betuminosas; ceras minerais";0;0;0;0;0;58.621,00;58.621,00
1;2018;Suape;Pier de Granéis Líquidos 1 - Berço Oeste;Píer de Graneis Líquidos 1;Produtos químicos orgânicos;0;0;0;0;0;40.623,00;40.623,00
1;2018;Suape;Pier de Granéis Líquidos 2 - Berço Leste;Píer de Graneis Líquidos 2;"Combustíveis minerais, óleos minerais e produtos da sua destilação; matérias betuminosas; ceras minerais";0;0;0;0;0;175.134,00;175.134,00
1;2018;Suape;Pier de Granéis Líquidos 2 - Berço Oeste;Píer de Graneis Líquidos 2;"Combustíveis minerais, óleos minerais e produtos da sua destilação; matérias betuminosas; ceras minerais";0;0;0;0;0;317.234,00;317.234,00
1;2018;Suape;Pier de Granéis Líquidos 3 - A;Píer de Graneis Líquidos 3A;"Combustíveis minerais, óleos minerais e produtos da sua destilação; matérias betuminosas; ceras minerais";0;0;0;0;0;310.383,00;310.383,00
1;2018;Suape;Pier de Granéis Líquidos 3 - B;Píer de Graneis Líquidos 3B;"Combustíveis minerais, óleos minerais e produtos da sua destilação; matérias betuminosas; ceras minerais";0;0;0;0;0;107.847,00;107.847,00
1;2018;Suape;Porto Interno - Berço 02 - TECON;Tecon Suape;Contêineres;15.366,00;25.108,00;263.886,00;0;0;0;263.886,00
1;2018;Suape;Porto Interno - Berço 03 - TECON;Tecon Suape;Contêineres;6.062,00;10.442,00;104.118,00;0;0;0;104.118,00
1;2018;Suape;Porto Interno - Berço 04;Cais 4;Cereais;0;0;0;0;43.140,00;0;43.140,00
1;2018;Suape;Porto Interno - Berço 04;Cais 4;Veículos automóveis, tratores, ciclos e outros veículos terrestres, suas partes e acessórios;0;0;0;3.155,00;0;0;3.155,00
1;2018;Suape;Porto Interno - Berço 05;Cais 5;Obras de ferro fundido, ferro ou aço;0;0;0;9.776,00;0;0;9.776,00
1;2018;Suape;Porto Interno - Berço 05;Cais 5;Veículos automóveis, tratores, ciclos e outros veículos terrestres, suas partes e acessórios;0;0;0;2.235,00;0;0;2.235,00
7;2018;Suape;Cais de Múltiplos Usos - Berço - Leste;Cais de Múltiplos Usos - CMU;"Combustíveis minerais, óleos minerais e produtos da sua destilação; matérias betuminosas; ceras minerais";0;0;0;0;0;5.000,00;5.000,00
7;2018;Suape;Pier de Granéis Líquidos 1 - Berço Leste;Píer de Graneis Líquidos 1;Bebidas, líquidos alcoólicos e vinagres;0;0;0;0;0;48.406,00;48.406,00
7;2018;Suape;Pier de Granéis Líquidos 1 - Berço Leste;Píer de Graneis Líquidos 1;"Combustíveis minerais, óleos minerais e produtos da sua destilação; matérias betuminosas; ceras minerais";0;0;0;0;0;74.574,00;74.574,00
7;2018;Suape;Pier de Granéis Líquidos 1 - Berço Leste;Píer de Graneis Líquidos 1;Produtos químicos orgânicos;0;0;0;0;0;10.012,00;10.012,00
7;2018;Suape;Pier de Granéis Líquidos 1 - Berço Oeste;Píer de Graneis Líquidos 1;Bebidas, líquidos alcoólicos e vinagres;0;0;0;0;0;19.587,00;19.587,00
7;2018;Suape;Pier de Granéis Líquidos 1 - Berço Oeste;Píer de Graneis Líquidos 1;"Combustíveis minerais, óleos minerais e produtos da sua destilação; matérias betuminosas; ceras minerais";0;0;0;0;0;15.582,00;15.582,00
7;2018;Suape;Pier de Granéis Líquidos 1 - Berço Oeste;Píer de Graneis Líquidos 1;Produtos químicos orgânicos;0;0;0;0;0;45.689,00;45.689,00
7;2018;Suape;Pier de Granéis Líquidos 2 - Berço Leste;Píer de Graneis Líquidos 2;"Combustíveis minerais, óleos minerais e produtos da sua destilação; matérias betuminosas; ceras minerais";0;0;0;0;0;182.535,00;182.535,00
7;2018;Suape;Pier de Granéis Líquidos 2 - Berço Oeste;Píer de Graneis Líquidos 2;"Combustíveis minerais, óleos minerais e produtos da sua destilação; matérias betuminosas; ceras minerais";0;0;0;0;0;201.635,00;201.635,00
7;2018;Suape;Pier de Granéis Líquidos 3 - A;Píer de Graneis Líquidos 3A;"Combustíveis minerais, óleos minerais e produtos da sua destilação; matérias betuminosas; ceras minerais";0;0;0;0;0;584.628,00;584.628,00
7;2018;Suape;Pier de Granéis Líquidos 3 - B;Píer de Graneis Líquidos 3B;"Combustíveis minerais, óleos minerais e produtos da sua destilação; matérias betuminosas; ceras minerais";0;0;0;0;0;381.172,00;381.172,00
7;2018;Suape;Porto Interno - Berço 01;Cais 1;Contêineres;1.351,00;2.107,00;32.644,00;0;0;0;32.644,00
7;2018;Suape;Porto Interno - Berço 01;Cais 1;Obras de ferro fundido, ferro ou aço;0;0;0;3.837,00;0;0;3.837,00
7;2018;Suape;Porto Interno - Berço 02 - TECON;Tecon Suape;Contêineres;14.481,00;24.266,00;263.941,00;0;0;0;263.941,00
7;2018;Suape;Porto Interno - Berço 03 - TECON;Tecon Suape;Contêineres;7.023,00;12.119,00;141.536,00;0;0;0;141.536,00
7;2018;Suape;Porto Interno - Berço 04;Cais 4;Cereais;0;0;0;0;53.750,00;0;53.750,00
7;2018;Suape;Porto Interno - Berço 04;Cais 4;Níquel e suas obras;0;0;0;61;0;0;61
7;2018;Suape;Porto Interno - Berço 04;Cais 4;Veículos automóveis, tratores, ciclos e outros veículos terrestres, suas partes e acessórios;0;0;0;7.998,00;0;0;7.998,00
7;2018;Suape;Porto Interno - Berço 05;Cais 5;Veículos automóveis, tratores, ciclos e outros veículos terrestres, suas partes e acessórios;0;0;0;4.539,00;0;0;4.539,00
8;2018;Suape;Cais de Múltiplos Usos - Berço - Leste;Cais de Múltiplos Usos - CMU;"Combustíveis minerais, óleos minerais e produtos da sua destilação; matérias betuminosas; ceras minerais";0;0;0;0;0;54.822,00;54.822,00
8;2018;Suape;Pier de Granéis Líquidos 1 - Berço Leste;Píer de Graneis Líquidos 1;Bebidas, líquidos alcoólicos e vinagres;0;0;0;0;0;11.131,00;11.131,00
8;2018;Suape;Pier de Granéis Líquidos 1 - Berço Leste;Píer de Graneis Líquidos 1;"Combustíveis minerais, óleos minerais e produtos da sua destilação; matérias betuminosas; ceras minerais";0;0;0;0;0;30.477,00;30.477,00
8;2018;Suape;Pier de Granéis Líquidos 1 - Berço Leste;Píer de Graneis Líquidos 1;Produtos químicos orgânicos;0;0;0;0;0;44.513,00;44.513,00
8;2018;Suape;Pier de Granéis Líquidos 1 - Berço Oeste;Píer de Graneis Líquidos 1;Bebidas, líquidos alcoólicos e vinagres;0;0;0;0;0;28.043,00;28.043,00
8;2018;Suape;Pier de Granéis Líquidos 1 - Berço Oeste;Píer de Graneis Líquidos 1;"Combustíveis minerais, óleos minerais e produtos da sua destilação; matérias betuminosas; ceras minerais";0;0;0;0;0;72.474,00;72.474,00
8;2018;Suape;Pier de Granéis Líquidos 1 - Berço Oeste;Píer de Graneis Líquidos 1;Produtos químicos orgânicos;0;0;0;0;0;32.980,00;32.980,00
8;2018;Suape;Pier de Granéis Líquidos 2 - Berço Leste;Píer de Graneis Líquidos 2;"Combustíveis minerais, óleos minerais e produtos da sua destilação; matérias betuminosas; ceras minerais";0;0;0;0;0;230.795,00;230.795,00
8;2018;Suape;Pier de Granéis Líquidos 2 - Berço Oeste;Píer de Graneis Líquidos 2;"Combustíveis minerais, óleos minerais e produtos da sua destilação; matérias betuminosas; ceras minerais";0;0;0;0;0;162.379,00;162.379,00
8;2018;Suape;Pier de Granéis Líquidos 3 - A;Píer de Graneis Líquidos 3A;"Combustíveis minerais, óleos minerais e produtos da sua destilação; matérias betuminosas; ceras minerais";0;0;0;0;0;557.295,00;557.295,00
8;2018;Suape;Pier de Granéis Líquidos 3 - B;Píer de Graneis Líquidos 3B;"Combustíveis minerais, óleos minerais e produtos da sua destilação; matérias betuminosas; ceras minerais";0;0;0;0;0;195.857,00;195.857,00
8;2018;Suape;Porto Interno - Berço 01;Cais 1;Contêineres;816;1.357,00;14.700,00;0;0;0;14.700,00
8;2018;Suape;Porto Interno - Berço 01;Cais 1;Ferro fundido, ferro e aço;0;0;0;679;0;0;679
8;2018;Suape;Porto Interno - Berço 01;Cais 1;Obras de ferro fundido, ferro ou aço;0;0;0;4.089,00;0;0;4.089,00
8;2018;Suape;Porto Interno - Berço 02 - TECON;Tecon Suape;Contêineres;12.312,00;20.878,00;215.499,00;0;0;0;215.499,00
8;2018;Suape;Porto Interno - Berço 03 - TECON;Tecon Suape;Contêineres;10.707,00;18.416,00;229.899,00;0;0;0;229.899,00
8;2018;Suape;Porto Interno - Berço 04;Cais 4;Cereais;0;0;0;0;39.681,00;0;39.681,00
8;2018;Suape;Porto Interno - Berço 04;Cais 4;Ferro fundido, ferro e aço;0;0;0;13.726,00;0;0;13.726,00
8;2018;Suape;Porto Interno - Berço 05;Cais 5;Veículos automóveis, tratores, ciclos e outros veículos terrestres, suas partes e acessórios;0;0;0;9.196,53;0;0;9.196,53
9;2018;Suape;Cais de Múltiplos Usos - Berço - Leste;Cais de Múltiplos Usos - CMU;"Combustíveis minerais, óleos minerais e produtos da sua destilação; matérias betuminosas; ceras minerais";0;0;0;0;0;73.390,00;73.390,00
9;2018;Suape;Cais de Múltiplos Usos - Berço - Leste;Cais de Múltiplos Usos - CMU;"Gorduras e óleos animais ou vegetais; produtos da sua dissociação; gorduras alimentares elaboradas; ceras de origem animal ou vegetal";0;0;0;0;0;10.021,00;10.021,00
9;2018;Suape;Pier de Granéis Líquidos 1 - Berço Leste;Píer de Graneis Líquidos 1;Bebidas, líquidos alcoólicos e vinagres;0;0;0;0;0;16.591,00;16.591,00
9;2018;Suape;Pier de Granéis Líquidos 1 - Berço Leste;Píer de Graneis Líquidos 1;"Combustíveis minerais, óleos minerais e produtos da sua destilação; matérias betuminosas; ceras minerais";0;0;0;0;0;11.273,00;11.273,00
9;2018;Suape;Pier de Granéis Líquidos 1 - Berço Leste;Píer de Graneis Líquidos 1;Produtos químicos orgânicos;0;0;0;0;0;15.776,00;15.776,00
9;2018;Suape;Pier de Granéis Líquidos 1 - Berço Oeste;Píer de Graneis Líquidos 1;"Combustíveis minerais, óleos minerais e produtos da sua destilação; matérias betuminosas; ceras minerais";0;0;0;0;0;34.863,00;34.863,00
9;2018;Suape;Pier de Granéis Líquidos 1 - Berço Oeste;Píer de Graneis Líquidos 1;Produtos químicos orgânicos;0;0;0;0;0;49.468,00;49.468,00
9;2018;Suape;Pier de Granéis Líquidos 2 - Berço Leste;Píer de Graneis Líquidos 2;"Combustíveis minerais, óleos minerais e produtos da sua destilação; matérias betuminosas; ceras minerais";0;0;0;0;0;262.635,00;262.635,00
9;2018;Suape;Pier de Granéis Líquidos 2 - Berço Oeste;Píer de Graneis Líquidos 2;"Combustíveis minerais, óleos minerais e produtos da sua destilação; matérias betuminosas; ceras minerais";0;0;0;0;0;215.727,00;215.727,00
9;2018;Suape;Pier de Granéis Líquidos 3 - A;Píer de Graneis Líquidos 3A;"Combustíveis minerais, óleos minerais e produtos da sua destilação; matérias betuminosas; ceras minerais";0;0;0;0;0;611.944,00;611.944,00
9;2018;Suape;Pier de Granéis Líquidos 3 - B;Píer de Graneis Líquidos 3B;"Combustíveis minerais, óleos minerais e produtos da sua destilação; matérias betuminosas; ceras minerais";0;0;0;0;0;172.621,00;172.621,00
9;2018;Suape;Porto Interno - Berço 01;Cais 1;Contêineres;1.286,00;2.238,00;30.079,00;0;0;0;30.079,00
9;2018;Suape;Porto Interno - Berço 02 - TECON;Tecon Suape;Contêineres;16.152,00;26.302,00;300.532,00;0;0;0;300.532,00
9;2018;Suape;Porto Interno - Berço 03 - TECON;Tecon Suape;Contêineres;7.689,00;13.303,00;171.319,00;0;0;0;171.319,00
9;2018;Suape;Porto Interno - Berço 04;Cais 4;Cereais;0;0;0;0;26.250,00;0;26.250,00
9;2018;Suape;Porto Interno - Berço 04;Cais 4;Ferro fundido, ferro e aço;0;0;0;6.128,00;0;0;6.128,00
9;2018;Suape;Porto Interno - Berço 04;Cais 4;"Máquinas, aparelhos e materiais elétricos, e suas partes; aparelhos de gravação ou de reprodução de som, aparelhos de gravação ou de reprodução de imagens e de som em televisão, e suas partes e acessórios";0;0;0;188;0;0;188
9;2018;Suape;Porto Interno - Berço 04;Cais 4;Veículos automóveis, tratores, ciclos e outros veículos terrestres, suas partes e acessórios;0;0;0;1.578,00;0;0;1.578,00
9;2018;Suape;Porto Interno - Berço 05;Cais 5;Ferro fundido, ferro e aço;0;0;0;2.364,00;0;0;2.364,00
9;2018;Suape;Porto Interno - Berço 05;Cais 5;"Máquinas, aparelhos e materiais elétricos, e suas partes; aparelhos de gravação ou de reprodução de som, aparelhos de gravação ou de reprodução de imagens e de som em televisão, e suas partes e acessórios";0;0;0;424;0;0;424
9;2018;Suape;Porto Interno - Berço 05;Cais 5;Veículos automóveis, tratores, ciclos e outros veículos terrestres, suas partes e acessórios;0;0;0;3.224,00;0;0;3.224,00
10;2018;Suape;Cais de Múltiplos Usos - Berço - Leste;Cais de Múltiplos Usos - CMU;"Combustíveis minerais, óleos minerais e produtos da sua destilação; matérias betuminosas; ceras minerais";0;0;0;0;0;30.177,00;30.177,00
10;2018;Suape;Pier de Granéis Líquidos 1 - Berço Leste;Píer de Graneis Líquidos 1;Bebidas, líquidos alcoólicos e vinagres;0;0;0;0;0;10.152,00;10.152,00
10;2018;Suape;Pier de Granéis Líquidos 1 - Berço Leste;Píer de Graneis Líquidos 1;"Combustíveis minerais, óleos minerais e produtos da sua destilação; matérias betuminosas; ceras minerais";0;0;0;0;0;54.674,00;54.674,00
10;2018;Suape;Pier de Granéis Líquidos 1 - Berço Leste;Píer de Graneis Líquidos 1;Produtos químicos orgânicos;0;0;0;0;0;15.906,00;15.906,00
10;2018;Suape;Pier de Granéis Líquidos 1 - Berço Oeste;Píer de Graneis Líquidos 1;Produtos químicos orgânicos;0;0;0;0;0;29.526,00;29.526,00
10;2018;Suape;Pier de Granéis Líquidos 2 - Berço Leste;Píer de Graneis Líquidos 2;"Combustíveis minerais, óleos minerais e produtos da sua destilação; matérias betuminosas; ceras minerais";0;0;0;0;0;312.447,00;312.447,00
10;2018;Suape;Pier de Granéis Líquidos 2 - Berço Oeste;Píer de Graneis Líquidos 2;"Combustíveis minerais, óleos minerais e produtos da sua destilação; matérias betuminosas; ceras minerais";0;0;0;0;0;321.104,00;321.104,00
10;2018;Suape;Pier de Granéis Líquidos 2 - Berço Oeste;Píer de Graneis Líquidos 2;Produtos diversos das indústrias químicas;0;0;0;0;0;11.334,00;11.334,00
10;2018;Suape;Pier de Granéis Líquidos 3 - A;Píer de Graneis Líquidos 3A;"Combustíveis minerais, óleos minerais e produtos da sua destilação; matérias betuminosas; ceras minerais";0;0;0;0;0;623.712,00;623.712,00
10;2018;Suape;Pier de Granéis Líquidos 3 - B;Píer de Graneis Líquidos 3B;"Combustíveis minerais, óleos minerais e produtos da sua destilação; matérias betuminosas; ceras minerais";0;0;0;0;0;218.767,00;218.767,00
10;2018;Suape;Porto Interno - Berço 02 - TECON;Tecon Suape;Contêineres;18.596,00;30.794,00;381.245,00;0;0;0;381.245,00
10;2018;Suape;Porto Interno - Berço 03 - TECON;Tecon Suape;Contêineres;4.604,00;8.304,00;99.458,00;0;0;0;99.458,00
10;2018;Suape;Porto Interno - Berço 04;Cais 4;Cereais;0;0;0;0;26.250,00;0;26.250,00
10;2018;Suape;Porto Interno - Berço 04;Cais 4;Ferro fundido, ferro e aço;0;0;0;6.281,00;0;0;6.281,00
10;2018;Suape;Porto Interno - Berço 04;Cais 4;Veículos automóveis, tratores, ciclos e outros veículos terrestres, suas partes e acessórios;0;0;0;5.114,00;0;0;5.114,00
10;2018;Suape;Porto Interno - Berço 05;Cais 5;"Máquinas, aparelhos e materiais elétricos, e suas partes; aparelhos de gravação ou de reprodução de som, aparelhos de gravação ou de reprodução de imagens e de som em televisão, e suas partes e acessórios";0;0;0;173;0;0;173
10;2018;Suape;Porto Interno - Berço 05;Cais 5;Obras de ferro fundido, ferro ou aço;0;0;0;1.885,00;0;0;1.885,00
10;2018;Suape;Porto Interno - Berço 05;Cais 5;Veículos automóveis, tratores, ciclos e outros veículos terrestres, suas partes e acessórios;0;0;0;2.837,00;0;0;2.837,00
11;2018;Suape;Cais de Múltiplos Usos - Berço - Leste;Cais de Múltiplos Usos - CMU;"Combustíveis minerais, óleos minerais e produtos da sua destilação; matérias betuminosas; ceras minerais";0;0;0;0;0;17.832,00;17.832,00
11;2018;Suape;Pier de Granéis Líquidos 1 - Berço Leste;Píer de Graneis Líquidos 1;Bebidas, líquidos alcoólicos e vinagres;0;0;0;0;0;6.050,00;6.050,00
11;2018;Suape;Pier de Granéis Líquidos 1 - Berço Leste;Píer de Graneis Líquidos 1;"Combustíveis minerais, óleos minerais e produtos da sua destilação; matérias betuminosas; ceras minerais";0;0;0;0;0;27.283,00;27.283,00
11;2018;Suape;Pier de Granéis Líquidos 1 - Berço Leste;Píer de Graneis Líquidos 1;Produtos químicos orgânicos;0;0;0;0;0;34.569,00;34.569,00
11;2018;Suape;Pier de Granéis Líquidos 1 - Berço Oeste;Píer de Graneis Líquidos 1;Bebidas, líquidos alcoólicos e vinagres;0;0;0;0;0;56.806,00;56.806,00
11;2018;Suape;Pier de Granéis Líquidos 1 - Berço Oeste;Píer de Graneis Líquidos 1;"Combustíveis minerais, óleos minerais e produtos da sua destilação; matérias betuminosas; ceras minerais";0;0;0;0;0;35.221,00;35.221,00
11;2018;Suape;Pier de Granéis Líquidos 1 - Berço Oeste;Píer de Graneis Líquidos 1;Produtos químicos orgânicos;0;0;0;0;0;21.995,00;21.995,00
11;2018;Suape;Pier de Granéis Líquidos 2 - Berço Leste;Píer de Graneis Líquidos 2;"Combustíveis minerais, óleos minerais e produtos da sua destilação; matérias betuminosas; ceras minerais";0;0;0;0;0;153.836,00;153.836,00
11;2018;Suape;Pier de Granéis Líquidos 2 - Berço Oeste;Píer de Graneis Líquidos 2;"Combustíveis minerais, óleos minerais e produtos da sua destilação; matérias betuminosas; ceras minerais";0;0;0;0;0;318.377,00;318.377,00
11;2018;Suape;Pier de Granéis Líquidos 3 - A;Píer de Graneis Líquidos 3A;"Combustíveis minerais, óleos minerais e produtos da sua destilação; matérias betuminosas; ceras minerais";0;0;0;0;0;425.975,00;425.975,00
11;2018;Suape;Pier de Granéis Líquidos 3 - B;Píer de Graneis Líquidos 3B;"Combustíveis minerais, óleos minerais e produtos da sua destilação; matérias betuminosas; ceras minerais";0;0;0;0;0;504.292,00;504.292,00
11;2018;Suape;Porto Interno - Berço 01;Cais 1;"Máquinas, aparelhos e materiais elétricos, e suas partes; aparelhos de gravação ou de reprodução de som, aparelhos de gravação ou de reprodução de imagens e de som em televisão, e suas partes e acessórios";0;0;0;196;0;0;196
11;2018;Suape;Porto Interno - Berço 02 - TECON;Tecon Suape;Contêineres;15.483,00;25.874,00;297.956,00;0;0;0;297.956,00
11;2018;Suape;Porto Interno - Berço 03 - TECON;Tecon Suape;Contêineres;6.693,00;11.957,00;151.002,00;0;0;0;151.002,00
11;2018;Suape;Porto Interno - Berço 04;Cais 4;Cereais;0;0;0;0;42.750,00;0;42.750,00
11;2018;Suape;Porto Interno - Berço 04;Cais 4;"Máquinas, aparelhos e materiais elétricos, e suas partes; aparelhos de gravação ou de reprodução de som, aparelhos de gravação ou de reprodução de imagens e de som em televisão, e suas partes e acessórios";0;0;0;301;0;0;301
11;2018;Suape;Porto Interno - Berço 04;Cais 4;Obras de ferro fundido, ferro ou aço;0;0;0;74;0;0;74
11;2018;Suape;Porto Interno - Berço 04;Cais 4;Veículos automóveis, tratores, ciclos e outros veículos terrestres, suas partes e acessórios;0;0;0;3.843,00;0;0;3.843,00
11;2018;Suape;Porto Interno - Berço 05;Cais 5;Açúcares e produtos de confeitaria;0;0;0;17.450,00;0;0;17.450,00
11;2018;Suape;Porto Interno - Berço 05;Cais 5;Ferro fundido, ferro e aço;0;0;0;10.404,00;0;0;10.404,00
11;2018;Suape;Porto Interno - Berço 05;Cais 5;"Outros artefatos têxteis confeccionados; sortidos; artefatos de matérias têxteis, calçados, chapéus e artefatos de uso semelhante, usados; trapos";0;0;0;1;0;0;1
11;2018;Suape;Porto Interno - Berço 05;Cais 5;Veículos automóveis, tratores, ciclos e outros veículos terrestres, suas partes e acessórios;0;0;0;1.128,00;0;0;1.128,00
;;;;;Total: ;245.737,00;412.412,00;4.616.404,00;227.190,53;439.266,00;16.399.532,30;21.682.392,83
