Mês,Ano,Instalação Portuária,Nome do Berço,Terminal,Mercadoria-Capítulo (SH2),Quantidade de Conteiner (u),Quantidade TEU,Somatório Peso Bruto Conteiner (t),Somatório Carga Geral Solta (t),Somatório Granel Sólido (t),Somatório Granel Líquido (t),Somatório de Carga Bruta (t)
2,2022,Suape,Cais de Múltiplos Usos - Berço - Leste,Cais de Múltiplos Usos - CMU,Açúcares e produtos de confeitaria,0,0,0,"28013,07",0,0,"28013,07"
2,2022,Suape,Cais de Múltiplos Usos - Berço - Leste,Cais de Múltiplos Usos - CMU,"Combustíveis minerais, óleos minerais e produtos da sua destilação; matérias betuminosas; ceras minerais",0,0,0,0,0,"31527,69","31527,69"
2,2022,Suape,Cais de Múltiplos Usos - Berço - Leste,Cais de Múltiplos Usos - CMU,"Outros artefatos têxteis confeccionados; sortidos; artefatos de matérias têxteis, calçados, chapéus e artefatos de uso semelhante, usados; trapos",0,0,0,"0,38",0,0,"0,38"
2,2022,Suape,Pier de Granéis Líquidos 1 - Berço Leste,Píer de Graneis Líquidos 1,"Combustíveis minerais, óleos minerais e produtos da sua destilação; matérias betuminosas; ceras minerais",0,0,0,0,0,"53834,22","53834,22"
2,2022,Suape,Pier de Granéis Líquidos 1 - Berço Leste,Píer de Graneis Líquidos 1,Produtos químicos orgânicos,0,0,0,0,0,"30936,47","30936,47"
2,2022,Suape,Pier de Granéis Líquidos 1 - Berço Oeste,Píer de Graneis Líquidos 1,"Bebidas, líquidos alcoólicos e vinagres",0,0,0,0,0,"15876,95","15876,95"
2,2022,Suape,Pier de Granéis Líquidos 1 - Berço Oeste,Píer de Graneis Líquidos 1,"Combustíveis minerais, óleos minerais e produtos da sua destilação; matérias betuminosas; ceras minerais",0,0,0,0,0,"8874,61","8874,61"
2,2022,Suape,Pier de Granéis Líquidos 1 - Berço Oeste,Píer de Graneis Líquidos 1,"Produtos químicos inorgânicos; compostos inorgânicos ou orgânicos de metais preciosos, de elementos radioativos, de metais das terras raras ou de isótopos",0,0,0,0,0,"2969,96","2969,96"
2,2022,Suape,Pier de Granéis Líquidos 1 - Berço Oeste,Píer de Graneis Líquidos 1,Produtos químicos orgânicos,0,0,0,0,0,"58079,33","58079,33"
2,2022,Suape,Pier de Granéis Líquidos 2 - Berço Leste,Píer de Graneis Líquidos 2,"Combustíveis minerais, óleos minerais e produtos da sua destilação; matérias betuminosas; ceras minerais",0,0,0,0,0,"141644,37","141644,37"
2,2022,Suape,Pier de Granéis Líquidos 2 - Berço Oeste,Píer de Graneis Líquidos 2,"Combustíveis minerais, óleos minerais e produtos da sua destilação; matérias betuminosas; ceras minerais",0,0,0,0,0,"228590,69","228590,69"
2,2022,Suape,Pier de Granéis Líquidos 3 - A,Píer de Graneis Líquidos 3A,"Combustíveis minerais, óleos minerais e produtos da sua destilação; matérias betuminosas; ceras minerais",0,0,0,0,0,"465882,6","465882,6"
2,2022,Suape,Pier de Granéis Líquidos 3 - B,Píer de Graneis Líquidos 3B,"Combustíveis minerais, óleos minerais e produtos da sua destilação; matérias betuminosas; ceras minerais",0,0,0,0,0,"70640,24","70640,24"
2,2022,Suape,Porto Interno - Berço 01,Cais 1,Contêineres,8027,13486,"171390,69",0,0,0,"171390,69"
2,2022,Suape,Porto Interno - Berço 01,Cais 1,"Veículos automóveis, tratores, ciclos e outros veículos terrestres, suas partes e acessórios",0,0,0,"997,61",0,0,"997,61"
2,2022,Suape,Porto Interno - Berço 02 - TECON,Tecon Suape,Contêineres,14428,24734,"305265,21",0,0,0,"305265,21"
2,2022,Suape,Porto Interno - Berço 03 - TECON,Tecon Suape,Contêineres,479,922,"8118,27",0,0,0,"8118,27"
2,2022,Suape,Porto Interno - Berço 04,Cais 4,Cereais,0,0,0,0,27500,0,27500
2,2022,Suape,Porto Interno - Berço 04,Cais 4,"Ferro fundido, ferro e aço",0,0,0,"7536,14",0,0,"7536,14"
2,2022,Suape,Porto Interno - Berço 04,Cais 4,"Obras de ferro fundido, ferro ou aço",0,0,0,"10145,86",0,0,"10145,86"
2,2022,Suape,Porto Interno - Berço 04,Cais 4,"Veículos automóveis, tratores, ciclos e outros veículos terrestres, suas partes e acessórios",0,0,0,"3072,34",0,0,"3072,34"
2,2022,Suape,Porto Interno - Berço 05,Cais 5,"Ferro fundido, ferro e aço",0,0,0,"12874,37",0,0,"12874,37"
2,2022,Suape,Porto Interno - Berço 05,Cais 5,Produtos químicos orgânicos,0,0,0,"20059,01",0,0,"20059,01"
2,2022,Suape,Porto Interno - Berço 05,Cais 5,"Veículos automóveis, tratores, ciclos e outros veículos terrestres, suas partes e acessórios",0,0,0,"4776,07",0,0,"4776,07"
4,2022,Suape,Pier de Granéis Líquidos 1 - Berço Leste,Píer de Graneis Líquidos 1,"Bebidas, líquidos alcoólicos e vinagres",0,0,0,0,0,"22034,86","22034,86"
4,2022,Suape,Pier de Granéis Líquidos 1 - Berço Leste,Píer de Graneis Líquidos 1,"Combustíveis minerais, óleos minerais e produtos da sua destilação; matérias betuminosas; ceras m...",0,0,0,0,0,"70119,72","70119,72"
4,2022,Suape,Pier de Granéis Líquidos 1 - Berço Leste,Píer de Graneis Líquidos 1,Produtos químicos orgânicos,0,0,0,0,0,"18998,37","18998,37"
4,2022,Suape,Pier de Granéis Líquidos 1 - Berço Oeste,Píer de Graneis Líquidos 1,"Bebidas, líquidos alcoólicos e vinagres",0,0,0,0,0,"14932,2","14932,2"
4,2022,Suape,Pier de Granéis Líquidos 1 - Berço Oeste,Píer de Graneis Líquidos 1,"Combustíveis minerais, óleos minerais e produtos da sua destilação; matérias betuminosas; ceras m...",0,0,0,0,0,"36329,64","36329,64"
4,2022,Suape,Pier de Granéis Líquidos 1 - Berço Oeste,Píer de Graneis Líquidos 1,Produtos diversos das indústrias químicas,0,0,0,0,0,"5520,04","5520,04"
4,2022,Suape,Pier de Granéis Líquidos 1 - Berço Oeste,Píer de Graneis Líquidos 1,Produtos químicos orgânicos,0,0,0,0,0,"28619,76","28619,76"
4,2022,Suape,Pier de Granéis Líquidos 2 - Berço Leste,Píer de Graneis Líquidos 2,"Combustíveis minerais, óleos minerais e produtos da sua destilação; matérias betuminosas; ceras m...",0,0,0,0,0,"134508,21","134508,21"
4,2022,Suape,Pier de Granéis Líquidos 2 - Berço Oeste,Píer de Graneis Líquidos 2,"Combustíveis minerais, óleos minerais e produtos da sua destilação; matérias betuminosas; ceras m...",0,0,0,0,0,"274992,91","274992,91"
4,2022,Suape,Pier de Granéis Líquidos 3 - A,Píer de Graneis Líquidos 3A,"Combustíveis minerais, óleos minerais e produtos da sua destilação; matérias betuminosas; ceras m...",0,0,0,0,0,"415128,51","415128,51"
4,2022,Suape,Pier de Granéis Líquidos 3 - B,Píer de Graneis Líquidos 3B,"Combustíveis minerais, óleos minerais e produtos da sua destilação; matérias betuminosas; ceras m...",0,0,0,0,0,"355953,78","355953,78"
4,2022,Suape,Porto Interno - Berço 01,Cais 1,Contêineres,5830,10151,"89106,02",0,0,0,"89106,02"
4,2022,Suape,Porto Interno - Berço 02 - TECON,Tecon Suape,Contêineres,15181,25530,"338026,85",0,0,0,"338026,85"
4,2022,Suape,Porto Interno - Berço 03 - TECON,Tecon Suape,Contêineres,7,14,"196,82",0,0,0,"196,82"
4,2022,Suape,Porto Interno - Berço 04,Cais 4,Cereais,0,0,0,0,27500,0,27500
4,2022,Suape,Porto Interno - Berço 04,Cais 4,"Obras de ferro fundido, ferro ou aço",0,0,0,"10007,49",0,0,"10007,49"
4,2022,Suape,Porto Interno - Berço 05,Cais 5,"Combustíveis minerais, óleos minerais e produtos da sua destilação; matérias betuminosas; ceras m...",0,0,0,0,0,"55917,75","55917,75"
4,2022,Suape,Porto Interno - Berço 05,Cais 5,"Ferro fundido, ferro e aço",0,0,0,"7515,57",0,0,"7515,57"
4,2022,Suape,Porto Interno - Berço 05,Cais 5,"Veículos automóveis, tratores, ciclos e outros veículos terrestres, suas partes e acessórios",0,0,0,"6462,29",0,0,"6462,29"
3,2022,Suape,Cais de Múltiplos Usos - Berço - Leste,Cais de Múltiplos Usos - CMU,"Combustíveis minerais, óleos minerais e produtos da sua destilação; matérias betuminosas; ceras minerais",0,0,0,0,0,"54769,28","54769,28"
3,2022,Suape,Pier de Granéis Líquidos 1 - Berço Leste,Píer de Graneis Líquidos 1,"Bebidas, líquidos alcoólicos e vinagres",0,0,0,0,0,"26748,3","26748,3"
3,2022,Suape,Pier de Granéis Líquidos 1 - Berço Leste,Píer de Graneis Líquidos 1,"Combustíveis minerais, óleos minerais e produtos da sua destilação; matérias betuminosas; ceras minerais",0,0,0,0,0,"37093,03","37093,03"
3,2022,Suape,Pier de Granéis Líquidos 1 - Berço Leste,Píer de Graneis Líquidos 1,Produtos diversos das indústrias químicas,0,0,0,0,0,"5249,95","5249,95"
3,2022,Suape,Pier de Granéis Líquidos 1 - Berço Leste,Píer de Graneis Líquidos 1,Produtos químicos orgânicos,0,0,0,0,0,"36631,12","36631,12"
3,2022,Suape,Pier de Granéis Líquidos 1 - Berço Oeste,Píer de Graneis Líquidos 1,"Bebidas, líquidos alcoólicos e vinagres",0,0,0,0,0,"6895,87","6895,87"
3,2022,Suape,Pier de Granéis Líquidos 1 - Berço Oeste,Píer de Graneis Líquidos 1,"Combustíveis minerais, óleos minerais e produtos da sua destilação; matérias betuminosas; ceras minerais",0,0,0,0,0,"43973,35","43973,35"
3,2022,Suape,Pier de Granéis Líquidos 1 - Berço Oeste,Píer de Graneis Líquidos 1,Produtos químicos orgânicos,0,0,0,0,0,"52276,87","52276,87"
3,2022,Suape,Pier de Granéis Líquidos 2 - Berço Leste,Píer de Graneis Líquidos 2,"Combustíveis minerais, óleos minerais e produtos da sua destilação; matérias betuminosas; ceras minerais",0,0,0,0,0,"115579,7","115579,7"
3,2022,Suape,Pier de Granéis Líquidos 2 - Berço Oeste,Píer de Graneis Líquidos 2,"Combustíveis minerais, óleos minerais e produtos da sua destilação; matérias betuminosas; ceras minerais",0,0,0,0,0,"190992,44","190992,44"
3,2022,Suape,Pier de Granéis Líquidos 3 - A,Píer de Graneis Líquidos 3A,"Combustíveis minerais, óleos minerais e produtos da sua destilação; matérias betuminosas; ceras minerais",0,0,0,0,0,"440643,92","440643,92"
3,2022,Suape,Pier de Granéis Líquidos 3 - B,Píer de Graneis Líquidos 3B,"Combustíveis minerais, óleos minerais e produtos da sua destilação; matérias betuminosas; ceras minerais",0,0,0,0,0,"353880,46","353880,46"
3,2022,Suape,Porto Interno - Berço 01,Cais 1,Contêineres,8278,14320,"163855,14",0,0,0,"163855,14"
3,2022,Suape,Porto Interno - Berço 01,Cais 1,"Veículos automóveis, tratores, ciclos e outros veículos terrestres, suas partes e acessórios",0,0,0,"628,06",0,0,"628,06"
3,2022,Suape,Porto Interno - Berço 02 - TECON,Tecon Suape,Contêineres,16262,26986,"343120,51",0,0,0,"343120,51"
3,2022,Suape,Porto Interno - Berço 04,Cais 4,Borracha e suas obras,0,0,0,"1215,02",0,0,"1215,02"
3,2022,Suape,Porto Interno - Berço 04,Cais 4,Cereais,0,0,0,0,74500,0,74500
3,2022,Suape,Porto Interno - Berço 04,Cais 4,"Máquinas, aparelhos e materiais elétricos, e suas partes; aparelhos de gravação ou de reprodução de som, aparelhos de gravação ou de reprodução de imagens e de som em televisão, e suas partes e acessórios",0,0,0,"405,01",0,0,"405,01"
3,2022,Suape,Porto Interno - Berço 04,Cais 4,"Obras de ferro fundido, ferro ou aço",0,0,0,"11353,24",0,0,"11353,24"
3,2022,Suape,Porto Interno - Berço 04,Cais 4,"Reatores nucleares, caldeiras, máquinas, aparelhos e instrumentos mecânicos, e suas partes",0,0,0,"557,54",0,0,"557,54"
3,2022,Suape,Porto Interno - Berço 04,Cais 4,"Veículos automóveis, tratores, ciclos e outros veículos terrestres, suas partes e acessórios",0,0,0,"531,65",0,0,"531,65"
3,2022,Suape,Porto Interno - Berço 05,Cais 5,"Ferro fundido, ferro e aço",0,0,0,"15856,98",0,0,"15856,98"
3,2022,Suape,Porto Interno - Berço 05,Cais 5,"Obras de ferro fundido, ferro ou aço",0,0,0,"9701,31",0,0,"9701,31"
3,2022,Suape,Porto Interno - Berço 05,Cais 5,"Veículos automóveis, tratores, ciclos e outros veículos terrestres, suas partes e acessórios",0,0,0,"4557,74",0,0,"4557,74"
5,2022,Suape,Cais de Múltiplos Usos - Berço - Leste,Cais de Múltiplos Usos - CMU,Açúcares e produtos de confeitaria,0,0,0,17000,0,0,17000
5,2022,Suape,Cais de Múltiplos Usos - Berço - Leste,Cais de Múltiplos Usos - CMU,"Combustíveis minerais, óleos minerais e produtos da sua destilação; matérias betuminosas; ceras minerais",0,0,0,0,0,"150398,44","150398,44"
5,2022,Suape,Cais de Múltiplos Usos - Berço - Leste,Cais de Múltiplos Usos - CMU,"Outros artefatos têxteis confeccionados; sortidos; artefatos de matérias têxteis, calçados, chapéus e artefatos de uso semelhante, usados; trapos",0,0,0,"1,09",0,0,"1,09"
5,2022,Suape,Pier de Granéis Líquidos 1 - Berço Leste,Píer de Graneis Líquidos 1,"Bebidas, líquidos alcoólicos e vinagres",0,0,0,0,0,"27225,96","27225,96"
5,2022,Suape,Pier de Granéis Líquidos 1 - Berço Leste,Píer de Graneis Líquidos 1,"Combustíveis minerais, óleos minerais e produtos da sua destilação; matérias betuminosas; ceras minerais",0,0,0,0,0,"75424,53","75424,53"
5,2022,Suape,Pier de Granéis Líquidos 1 - Berço Leste,Píer de Graneis Líquidos 1,Produtos químicos orgânicos,0,0,0,0,0,"61526,44","61526,44"
5,2022,Suape,Pier de Granéis Líquidos 1 - Berço Oeste,Píer de Graneis Líquidos 1,"Bebidas, líquidos alcoólicos e vinagres",0,0,0,0,0,"40231,59","40231,59"
5,2022,Suape,Pier de Granéis Líquidos 1 - Berço Oeste,Píer de Graneis Líquidos 1,"Combustíveis minerais, óleos minerais e produtos da sua destilação; matérias betuminosas; ceras minerais",0,0,0,0,0,"45988,33","45988,33"
5,2022,Suape,Pier de Granéis Líquidos 1 - Berço Oeste,Píer de Graneis Líquidos 1,Produtos químicos orgânicos,0,0,0,0,0,"15538,29","15538,29"
5,2022,Suape,Pier de Granéis Líquidos 2 - Berço Leste,Píer de Graneis Líquidos 2,"Combustíveis minerais, óleos minerais e produtos da sua destilação; matérias betuminosas; ceras minerais",0,0,0,0,0,"89137,11","89137,11"
5,2022,Suape,Pier de Granéis Líquidos 2 - Berço Oeste,Píer de Graneis Líquidos 2,"Combustíveis minerais, óleos minerais e produtos da sua destilação; matérias betuminosas; ceras minerais",0,0,0,0,0,"190437,59","190437,59"
5,2022,Suape,Pier de Granéis Líquidos 3 - A,Píer de Graneis Líquidos 3A,"Combustíveis minerais, óleos minerais e produtos da sua destilação; matérias betuminosas; ceras minerais",0,0,0,0,0,"524163,12","524163,12"
5,2022,Suape,Pier de Granéis Líquidos 3 - B,Píer de Graneis Líquidos 3B,"Combustíveis minerais, óleos minerais e produtos da sua destilação; matérias betuminosas; ceras minerais",0,0,0,0,0,"183499,01","183499,01"
5,2022,Suape,Porto Interno - Berço 01,Cais 1,"Combustíveis minerais, óleos minerais e produtos da sua destilação; matérias betuminosas; ceras minerais",0,0,0,0,0,"41944,83","41944,83"
5,2022,Suape,Porto Interno - Berço 01,Cais 1,Contêineres,3744,6309,"65437,74",0,0,0,"65437,74"
5,2022,Suape,Porto Interno - Berço 02 - TECON,Tecon Suape,Contêineres,13031,21788,"276003,3",0,0,0,"276003,3"
5,2022,Suape,Porto Interno - Berço 03 - TECON,Tecon Suape,Contêineres,6875,12085,"145107,37",0,0,0,"145107,37"
5,2022,Suape,Porto Interno - Berço 04,Cais 4,Cereais,0,0,0,0,54635,0,54635
5,2022,Suape,Porto Interno - Berço 04,Cais 4,"Obras de ferro fundido, ferro ou aço",0,0,0,"12821,6",0,0,"12821,6"
5,2022,Suape,Porto Interno - Berço 04,Cais 4,"Veículos automóveis, tratores, ciclos e outros veículos terrestres, suas partes e acessórios",0,0,0,"1372,29",0,0,"1372,29"
5,2022,Suape,Porto Interno - Berço 05,Cais 5,"Combustíveis minerais, óleos minerais e produtos da sua destilação; matérias betuminosas; ceras minerais",0,0,0,0,"55237,86",0,"55237,86"
5,2022,Suape,Porto Interno - Berço 05,Cais 5,"Ferro fundido, ferro e aço",0,0,0,"7019,84",0,0,"7019,84"
5,2022,Suape,Porto Interno - Berço 05,Cais 5,"Máquinas, aparelhos e materiais elétricos, e suas partes; aparelhos de gravação ou de reprodução de som, aparelhos de gravação ou de reprodução de imagens e de som em televisão, e suas partes e acessórios",0,0,0,"130,69",0,0,"130,69"
5,2022,Suape,Porto Interno - Berço 05,Cais 5,"Obras de ferro fundido, ferro ou aço",0,0,0,"58,01",0,0,"58,01"
5,2022,Suape,Porto Interno - Berço 05,Cais 5,"Veículos automóveis, tratores, ciclos e outros veículos terrestres, suas partes e acessórios",0,0,0,"4027,49",0,0,"4027,49"
7,2022,Suape,Cais de Múltiplos Usos - Berço - Leste,Cais de Múltiplos Usos - CMU,,0,0,0,0,0,"119,71","119,71"
7,2022,Suape,Pier de Granéis Líquidos 1 - Berço Leste,Píer de Graneis Líquidos 1,,0,0,0,0,0,"14,94","14,94"
7,2022,Suape,Pier de Granéis Líquidos 1 - Berço Leste,Píer de Graneis Líquidos 1,,0,0,0,0,0,"76,76","76,76"
7,2022,Suape,Pier de Granéis Líquidos 1 - Berço Leste,Píer de Graneis Líquidos 1,,0,0,0,0,0,"4,48","4,48"
7,2022,Suape,Pier de Granéis Líquidos 1 - Berço Leste,Píer de Graneis Líquidos 1,,0,0,0,0,0,"20,4","20,4"
7,2022,Suape,Pier de Granéis Líquidos 1 - Berço Oeste,Píer de Graneis Líquidos 1,,0,0,0,0,0,"15,81","15,81"
7,2022,Suape,Pier de Granéis Líquidos 1 - Berço Oeste,Píer de Graneis Líquidos 1,,0,0,0,0,0,"51,03","51,03"
7,2022,Suape,Pier de Granéis Líquidos 1 - Berço Oeste,Píer de Graneis Líquidos 1,,0,0,0,0,0,"31,53","31,53"
7,2022,Suape,Pier de Granéis Líquidos 2 - Berço Leste,Píer de Graneis Líquidos 2,,0,0,0,0,0,"101,35","101,35"
7,2022,Suape,Pier de Granéis Líquidos 2 - Berço Oeste,Píer de Graneis Líquidos 2,,0,0,0,0,0,"224,65","224,65"
7,2022,Suape,Pier de Granéis Líquidos 3 - A,Píer de Graneis Líquidos 3A,,0,0,0,0,0,"605,37","605,37"
7,2022,Suape,Pier de Granéis Líquidos 3 - B,Píer de Graneis Líquidos 3B,,0,0,0,0,0,"329,98","329,98"
7,2022,Suape,Porto Interno - Berço 01,Cais 1,,0,0,0,0,0,"35,72","35,72"
7,2022,Suape,Porto Interno - Berço 01,Cais 1,,"2,37","3,95","45,64",0,0,0,0
7,2022,Suape,Porto Interno - Berço 01,Cais 1,,0,0,0,"5,1",0,0,0
7,2022,Suape,Porto Interno - Berço 02 - TECON,Tecon Suape,,"14,54","25,04","275,03",0,0,0,0
7,2022,Suape,Porto Interno - Berço 03 - TECON,Tecon Suape,,"6,19","11,33","128,74",0,0,0,0
7,2022,Suape,Porto Interno - Berço 04,Cais 4,,0,0,0,0,"66,94",0,0
7,2022,Suape,Porto Interno - Berço 04,Cais 4,,0,0,0,"9,78",0,0,0
7,2022,Suape,Porto Interno - Berço 04,Cais 4,,0,0,0,"8,45",0,0,0
7,2022,Suape,Porto Interno - Berço 04,Cais 4,,0,0,0,"2,09",0,0,0
7,2022,Suape,Porto Interno - Berço 05,Cais 5,,0,0,0,0,"25,63",0,0
7,2022,Suape,Porto Interno - Berço 05,Cais 5,,0,0,0,"25,8",0,0,0
7,2022,Suape,Porto Interno - Berço 05,Cais 5,,0,0,0,"6,03",0,0,0
6,2022,Suape,Cais de Múltiplos Usos - Berço - Leste,Cais de Múltiplos Usos - CMU,,0,0,0,0,0,"171,83","171,83"
6,2022,Suape,Pier de Granéis Líquidos 1 - Berço Leste,Píer de Graneis Líquidos 1,,0,0,0,0,0,"12,45","12,45"
6,2022,Suape,Pier de Granéis Líquidos 1 - Berço Leste,Píer de Graneis Líquidos 1,,0,0,0,0,0,"35,68","35,68"
6,2022,Suape,Pier de Granéis Líquidos 1 - Berço Leste,Píer de Graneis Líquidos 1,,0,0,0,0,0,"8,19","8,19"
6,2022,Suape,Pier de Granéis Líquidos 1 - Berço Leste,Píer de Graneis Líquidos 1,,0,0,0,0,0,"2,99","2,99"
6,2022,Suape,Pier de Granéis Líquidos 1 - Berço Leste,Píer de Graneis Líquidos 1,,0,0,0,0,0,"32,03","32,03"
6,2022,Suape,Pier de Granéis Líquidos 1 - Berço Oeste,Píer de Graneis Líquidos 1,,0,0,0,0,0,"13,39","13,39"
6,2022,Suape,Pier de Granéis Líquidos 1 - Berço Oeste,Píer de Graneis Líquidos 1,,0,0,0,0,0,"49,9","49,9"
6,2022,Suape,Pier de Granéis Líquidos 1 - Berço Oeste,Píer de Graneis Líquidos 1,,0,0,0,0,0,"29,73","29,73"
6,2022,Suape,Pier de Granéis Líquidos 2 - Berço Leste,Píer de Graneis Líquidos 2,,0,0,0,0,0,"145,08","145,08"
6,2022,Suape,Pier de Granéis Líquidos 2 - Berço Oeste,Píer de Graneis Líquidos 2,,0,0,0,0,0,"103,38","103,38"
6,2022,Suape,Pier de Granéis Líquidos 3 - A,Píer de Graneis Líquidos 3A,,0,0,0,0,0,"429,76","429,76"
6,2022,Suape,Pier de Granéis Líquidos 3 - B,Píer de Graneis Líquidos 3B,,0,0,0,0,0,"265,82","265,82"
6,2022,Suape,Porto Interno - Berço 01,Cais 1,,0,0,0,0,0,"100,99","100,99"
6,2022,Suape,Porto Interno - Berço 01,Cais 1,,0,0,0,"17,17",0,0,0
6,2022,Suape,Porto Interno - Berço 01,Cais 1,,0,0,0,"6,01",0,0,0
6,2022,Suape,Porto Interno - Berço 02 - TECON,Tecon Suape,,"13,08","21,46","247,66",0,0,0,0
6,2022,Suape,Porto Interno - Berço 03 - TECON,Tecon Suape,,"9,13","16,15","192,44",0,0,0,0
6,2022,Suape,Porto Interno - Berço 04,Cais 4,,0,0,0,0,"27,5",0,0
6,2022,Suape,Porto Interno - Berço 04,Cais 4,,0,0,0,28446,0,0,0
6,2022,Suape,Porto Interno - Berço 04,Cais 4,,0,0,0,"3,59",0,0,0
6,2022,Suape,Porto Interno - Berço 04,Cais 4,,0,0,0,31180,0,0,0
6,2022,Suape,Porto Interno - Berço 04,Cais 4,,0,0,0,"3,09",0,0,0
6,2022,Suape,Porto Interno - Berço 05,Cais 5,,0,0,0,"7,51",0,0,0
6,2022,Suape,Porto Interno - Berço 05,Cais 5,,0,0,0,"9,28",0,0,0
6,2022,Suape,Porto Interno - Berço 05,Cais 5,,0,0,0,"8,95",0,0,0
6,2022,Suape,Porto Interno - Berço 05,Cais 5,,0,0,0,"8,39",0,0,0
8,2022,Suape,Cais de Múltiplos Usos - Berço - Leste,Cais de Múltiplos Usos - CMU,,0,0,0,"7,02",0,0,0
8,2022,Suape,Pier de Granéis Líquidos 1 - Berço Leste,Píer de Graneis Líquidos 1,,0,0,0,0,0,"14,98","14,98"
8,2022,Suape,Pier de Granéis Líquidos 1 - Berço Leste,Píer de Graneis Líquidos 1,,0,0,0,0,0,"90,49","90,49"
8,2022,Suape,Pier de Granéis Líquidos 1 - Berço Leste,Píer de Graneis Líquidos 1,,0,0,0,0,0,"12,59","12,59"
8,2022,Suape,Pier de Granéis Líquidos 1 - Berço Oeste,Píer de Graneis Líquidos 1,,0,0,0,0,0,"26,01","26,01"
8,2022,Suape,Pier de Granéis Líquidos 1 - Berço Oeste,Píer de Graneis Líquidos 1,,0,0,0,0,0,"71,13","71,13"
8,2022,Suape,Pier de Granéis Líquidos 1 - Berço Oeste,Píer de Graneis Líquidos 1,,0,0,0,0,0,"4,38","4,38"
8,2022,Suape,Pier de Granéis Líquidos 1 - Berço Oeste,Píer de Graneis Líquidos 1,,0,0,0,0,0,"22,18","22,18"
8,2022,Suape,Pier de Granéis Líquidos 2 - Berço Leste,Píer de Graneis Líquidos 2,,0,0,0,0,0,"51,91","51,91"
8,2022,Suape,Pier de Granéis Líquidos 2 - Berço Oeste,Píer de Graneis Líquidos 2,,0,0,0,0,0,"172,21","172,21"
8,2022,Suape,Pier de Granéis Líquidos 3 - A,Píer de Graneis Líquidos 3A,,0,0,0,0,0,"524,08","524,08"
8,2022,Suape,Pier de Granéis Líquidos 3 - B,Píer de Graneis Líquidos 3B,,0,0,0,0,0,"157,54","157,54"
8,2022,Suape,Porto Interno - Berço 01,Cais 1,,0,0,0,0,0,"278,84","278,84"
8,2022,Suape,Porto Interno - Berço 01,Cais 1,,"2,43","3,92","50,68",0,0,0,0
8,2022,Suape,Porto Interno - Berço 01,Cais 1,,0,0,0,"5,38",0,0,0
8,2022,Suape,Porto Interno - Berço 02 - TECON,Tecon Suape,,"15,15","25,24","297,69",0,0,0,0
8,2022,Suape,Porto Interno - Berço 03 - TECON,Tecon Suape,,"7,76","13,89","155,72",0,0,0,0
8,2022,Suape,Porto Interno - Berço 04,Cais 4,,0,0,0,0,"27,27",0,0
8,2022,Suape,Porto Interno - Berço 04,Cais 4,,0,0,0,"13,02",0,0,0
8,2022,Suape,Porto Interno - Berço 04,Cais 4,,0,0,0,"4,82",0,0,0
8,2022,Suape,Porto Interno - Berço 05,Cais 5,,0,0,0,0,0,"42,03","42,03"
8,2022,Suape,Porto Interno - Berço 05,Cais 5,,0,0,0,0,"33,6",0,0
8,2022,Suape,Porto Interno - Berço 05,Cais 5,,0,0,0,2100,0,0,0
8,2022,Suape,Porto Interno - Berço 05,Cais 5,,0,0,0,"3,49",0,0,0
9,2022,Suape,Cais de Múltiplos Usos - Berço - Leste,Cais de Múltiplos Usos - CMU,,0,0,0,0,0,"14,19","14,19"
9,2022,Suape,Pier de Granéis Líquidos 1 - Berço Leste,Píer de Graneis Líquidos 1,,0,0,0,0,0,"11,87","11,87"
9,2022,Suape,Pier de Granéis Líquidos 1 - Berço Leste,Píer de Graneis Líquidos 1,,0,0,0,0,0,"75,49","75,49"
9,2022,Suape,Pier de Granéis Líquidos 1 - Berço Leste,Píer de Graneis Líquidos 1,,0,0,0,0,0,3,3
9,2022,Suape,Pier de Granéis Líquidos 1 - Berço Leste,Píer de Graneis Líquidos 1,,0,0,0,0,0,"28,65","28,65"
9,2022,Suape,Pier de Granéis Líquidos 1 - Berço Oeste,Píer de Graneis Líquidos 1,,0,0,0,0,0,"28,1","28,1"
9,2022,Suape,Pier de Granéis Líquidos 1 - Berço Oeste,Píer de Graneis Líquidos 1,,0,0,0,0,0,"61,52","61,52"
9,2022,Suape,Pier de Granéis Líquidos 1 - Berço Oeste,Píer de Graneis Líquidos 1,,0,0,0,0,0,"9,69","9,69"
9,2022,Suape,Pier de Granéis Líquidos 1 - Berço Oeste,Píer de Graneis Líquidos 1,,0,0,0,0,0,"33,76","33,76"
9,2022,Suape,Pier de Granéis Líquidos 2 - Berço Leste,Píer de Graneis Líquidos 2,,0,0,0,0,0,"112,94","112,94"
9,2022,Suape,Pier de Granéis Líquidos 2 - Berço Oeste,Píer de Graneis Líquidos 2,,0,0,0,0,0,"189,28","189,28"
9,2022,Suape,Pier de Granéis Líquidos 3 - A,Píer de Graneis Líquidos 3A,,0,0,0,0,0,"546,51","546,51"
9,2022,Suape,Pier de Granéis Líquidos 3 - B,Píer de Graneis Líquidos 3B,,0,0,0,0,0,"626,78","626,78"
9,2022,Suape,Porto Interno - Berço 01,Cais 1,,0,0,0,0,0,"63,32","63,32"
9,2022,Suape,Porto Interno - Berço 01,Cais 1,,"1,82","3,44","24,4",0,0,0,0
9,2022,Suape,Porto Interno - Berço 01,Cais 1,,0,0,0,10,0,0,0
9,2022,Suape,Porto Interno - Berço 02 - TECON,Tecon Suape,,"15,61","25,85","316,44",0,0,0,0
9,2022,Suape,Porto Interno - Berço 03 - TECON,Tecon Suape,,"6,23","11,48","114,22",0,0,0,0
9,2022,Suape,Porto Interno - Berço 04,Cais 4,,0,0,0,0,"62,64",0,0
9,2022,Suape,Porto Interno - Berço 05,Cais 5,,0,0,0,800,0,0,0
9,2022,Suape,Porto Interno - Berço 05,Cais 5,,0,0,0,"4,34",0,0,0
10,2022,Suape,Cais de Múltiplos Usos - Berço - Leste,Cais de Múltiplos Usos - CMU,,0,0,0,26,0,0,0
10,2022,Suape,Pier de Granéis Líquidos 1 - Berço Leste,Píer de Graneis Líquidos 1,,0,0,0,0,0,"78,64","78,64"
10,2022,Suape,Pier de Granéis Líquidos 1 - Berço Leste,Píer de Graneis Líquidos 1,,0,0,0,0,0,"34,31","34,31"
10,2022,Suape,Pier de Granéis Líquidos 1 - Berço Oeste,Píer de Graneis Líquidos 1,,0,0,0,0,0,"15,86","15,86"
10,2022,Suape,Pier de Granéis Líquidos 1 - Berço Oeste,Píer de Graneis Líquidos 1,,0,0,0,0,0,"91,93","91,93"
10,2022,Suape,Pier de Granéis Líquidos 1 - Berço Oeste,Píer de Graneis Líquidos 1,,0,0,0,0,0,"4,41","4,41"
10,2022,Suape,Pier de Granéis Líquidos 1 - Berço Oeste,Píer de Graneis Líquidos 1,,0,0,0,0,0,"30,57","30,57"
10,2022,Suape,Pier de Granéis Líquidos 2 - Berço Leste,Píer de Graneis Líquidos 2,,0,0,0,0,0,"137,57","137,57"
10,2022,Suape,Pier de Granéis Líquidos 2 - Berço Oeste,Píer de Graneis Líquidos 2,,0,0,0,0,0,"225,04","225,04"
10,2022,Suape,Pier de Granéis Líquidos 2 - Berço Oeste,Píer de Graneis Líquidos 2,,0,0,0,0,0,"5,38","5,38"
10,2022,Suape,Pier de Granéis Líquidos 3 - A,Píer de Graneis Líquidos 3A,,0,0,0,0,0,"590,32","590,32"
10,2022,Suape,Pier de Granéis Líquidos 3 - B,Píer de Graneis Líquidos 3B,,0,0,0,0,0,"577,27","577,27"
10,2022,Suape,Porto Interno - Berço 01,Cais 1,,0,0,0,0,0,"83,29","83,29"
10,2022,Suape,Porto Interno - Berço 01,Cais 1,,"1,27","2,35","29,23",0,0,0,0
10,2022,Suape,Porto Interno - Berço 01,Cais 1,,0,0,0,"39,8",0,0,0
10,2022,Suape,Porto Interno - Berço 02 - TECON,Tecon Suape,,"11,51","19,93","198,88",0,0,0,0
10,2022,Suape,Porto Interno - Berço 03 - TECON,Tecon Suape,,"14,1","24,88","270,68",0,0,0,0
10,2022,Suape,Porto Interno - Berço 04,Cais 4,,0,0,0,0,"55,51",0,0
10,2022,Suape,Porto Interno - Berço 04,Cais 4,,0,0,0,"6,03",0,0,0
10,2022,Suape,Porto Interno - Berço 04,Cais 4,,0,0,0,29229,0,0,0
10,2022,Suape,Porto Interno - Berço 04,Cais 4,,0,0,0,54253,0,0,0
10,2022,Suape,Porto Interno - Berço 04,Cais 4,,0,0,0,"1,61",0,0,0
10,2022,Suape,Porto Interno - Berço 05,Cais 5,,0,0,0,0,0,"11,06","11,06"
10,2022,Suape,Porto Interno - Berço 05,Cais 5,,0,0,0,"7,52",0,0,0
10,2022,Suape,Porto Interno - Berço 05,Cais 5,,0,0,0,70288,0,0,0
10,2022,Suape,Porto Interno - Berço 05,Cais 5,,0,0,0,"12,08",0,0,0
11,2022,Suape,Cais de Múltiplos Usos - Berço - Leste,Cais de Múltiplos Usos - CMU,,0,0,0,"45,14",0,0,0
11,2022,Suape,Cais de Múltiplos Usos - Berço - Leste,Cais de Múltiplos Usos - CMU,,0,0,0,189,0,0,0
11,2022,Suape,Pier de Granéis Líquidos 1 - Berço Leste,Píer de Graneis Líquidos 1,,0,0,0,0,0,"115,04","115,04"
11,2022,Suape,Pier de Granéis Líquidos 1 - Berço Leste,Píer de Graneis Líquidos 1,,0,0,0,0,0,"49,41","49,41"
11,2022,Suape,Pier de Granéis Líquidos 1 - Berço Oeste,Píer de Graneis Líquidos 1,,0,0,0,0,0,"26,03","26,03"
11,2022,Suape,Pier de Granéis Líquidos 1 - Berço Oeste,Píer de Graneis Líquidos 1,,0,0,0,0,0,"41,27","41,27"
11,2022,Suape,Pier de Granéis Líquidos 1 - Berço Oeste,Píer de Graneis Líquidos 1,,0,0,0,0,0,"5,55","5,55"
11,2022,Suape,Pier de Granéis Líquidos 1 - Berço Oeste,Píer de Graneis Líquidos 1,,0,0,0,0,0,3,3
11,2022,Suape,Pier de Granéis Líquidos 1 - Berço Oeste,Píer de Graneis Líquidos 1,,0,0,0,0,0,"6,3","6,3"
11,2022,Suape,Pier de Granéis Líquidos 2 - Berço Leste,Píer de Graneis Líquidos 2,,0,0,0,0,0,"198,89","198,89"
11,2022,Suape,Pier de Granéis Líquidos 2 - Berço Oeste,Píer de Graneis Líquidos 2,,0,0,0,0,0,"141,63","141,63"
11,2022,Suape,Pier de Granéis Líquidos 3 - A,Píer de Graneis Líquidos 3A,,0,0,0,0,0,"459,97","459,97"
11,2022,Suape,Pier de Granéis Líquidos 3 - B,Píer de Graneis Líquidos 3B,,0,0,0,0,0,"258,31","258,31"
11,2022,Suape,Porto Interno - Berço 01,Cais 1,,0,0,0,0,0,"30,53","30,53"
11,2022,Suape,Porto Interno - Berço 01,Cais 1,,0,0,0,"6,08",0,0,0
11,2022,Suape,Porto Interno - Berço 01,Cais 1,,0,0,0,"15,53",0,0,0
11,2022,Suape,Porto Interno - Berço 02 - TECON,Tecon Suape,,"11,46","19,84","189,65",0,0,0,0
11,2022,Suape,Porto Interno - Berço 03 - TECON,Tecon Suape,,"12,58","22,47","258,16",0,0,0,0
11,2022,Suape,Porto Interno - Berço 04,Cais 4,,0,0,0,0,27,0,0
11,2022,Suape,Porto Interno - Berço 04,Cais 4,,0,0,0,1300,0,0,0
11,2022,Suape,Porto Interno - Berço 04,Cais 4,,0,0,0,"7,15",0,0,0
11,2022,Suape,Porto Interno - Berço 04,Cais 4,,0,0,0,3348,0,0,0
11,2022,Suape,Porto Interno - Berço 04,Cais 4,,0,0,0,717,0,0,0
11,2022,Suape,Porto Interno - Berço 04,Cais 4,,0,0,0,1550,0,0,0
11,2022,Suape,Porto Interno - Berço 04,Cais 4,,0,0,0,"7,04",0,0,0
12,2022,Suape,Cais de Múltiplos Usos - Berço - Leste,Cais de Múltiplos Usos - CMU,,0,0,0,"12,54",0,0,0
12,2022,Suape,Cais de Múltiplos Usos - Berço - Leste,Cais de Múltiplos Usos - CMU,,0,0,0,80,0,0,0
12,2022,Suape,Pier de Granéis Líquidos 1 - Berço Leste,Píer de Graneis Líquidos 1,,0,0,0,0,0,"62,6","62,6"
12,2022,Suape,Pier de Granéis Líquidos 1 - Berço Leste,Píer de Graneis Líquidos 1,,0,0,0,0,0,"5,37","5,37"
12,2022,Suape,Pier de Granéis Líquidos 1 - Berço Leste,Píer de Graneis Líquidos 1,,0,0,0,0,0,"22,71","22,71"
12,2022,Suape,Pier de Granéis Líquidos 1 - Berço Oeste,Píer de Graneis Líquidos 1,,0,0,0,0,0,"17,26","17,26"
12,2022,Suape,Pier de Granéis Líquidos 1 - Berço Oeste,Píer de Graneis Líquidos 1,,0,0,0,0,0,"35,17","35,17"
12,2022,Suape,Pier de Granéis Líquidos 1 - Berço Oeste,Píer de Graneis Líquidos 1,,0,0,0,0,0,"37,06","37,06"
12,2022,Suape,Pier de Granéis Líquidos 2 - Berço Leste,Píer de Graneis Líquidos 2,,0,0,0,0,0,"244,24","244,24"
12,2022,Suape,Pier de Granéis Líquidos 2 - Berço Oeste,Píer de Graneis Líquidos 2,,0,0,0,0,0,"321,66","321,66"
12,2022,Suape,Pier de Granéis Líquidos 3 - A,Píer de Graneis Líquidos 3A,,0,0,0,0,0,"532,9","532,9"
12,2022,Suape,Pier de Granéis Líquidos 3 - B,Píer de Graneis Líquidos 3B,,0,0,0,0,0,"207,3","207,3"
12,2022,Suape,Porto Interno - Berço 01,Cais 1,,0,0,0,0,0,"83,4","83,4"
12,2022,Suape,Porto Interno - Berço 01,Cais 1,,73400,"1,2","14,88",0,0,0,0
12,2022,Suape,Porto Interno - Berço 01,Cais 1,,0,0,0,"5,73",0,0,0
12,2022,Suape,Porto Interno - Berço 02 - TECON,Tecon Suape,,"11,17","19,45","197,33",0,0,0,0
12,2022,Suape,Porto Interno - Berço 03 - TECON,Tecon Suape,,"14,2","25,14","275,68",0,0,0,0
12,2022,Suape,Porto Interno - Berço 04,Cais 4,,0,0,0,0,"35,37",0,0
12,2022,Suape,Porto Interno - Berço 04,Cais 4,,0,0,0,"1,18",0,0,0
12,2022,Suape,Porto Interno - Berço 05,Cais 5,,0,0,0,59201,0,0,0
12,2022,Suape,Porto Interno - Berço 05,Cais 5,,0,0,0,"1,93",0,0,0
12,2022,Suape,Porto Interno - Berço 05,Cais 5,,0,0,0,12299,0,0,0
12,2022,Suape,Porto Interno - Berço 05,Cais 5,,0,0,0,"3,93",0,0,0
,,,,,Total:,"165712,6","156622,01","1908911,07","494046,38","239734,32","5363260,07","7706958,61"
